playerID,name,year,loc,numgames,totalwinnings,state,studentflag,lat,lon
3513,Umiko Post,2002,"Peoria, Illinois",2,0,illinois,,40.6938609,-89.5891008
1170,Veronica Fazio,2005,"Roselle, Illinois",1,-1200,illinois,,41.9847505,-88.0797933
7186,Kristi Springer,2011,"Naperville, Illinois",1,3600,illinois,,41.7729107,-88.147867
7455,Edgar Mihelic,2011,"Chicago, Illinois",1,8398,illinois,,41.8755546,-87.6244212
4728,Gretchen Wahl,2008,"Chicago, Illinois",1,3399,illinois,,41.8755546,-87.6244212
2301,Bob Bearse,1988,"Chicago, Illinois",1,0,illinois,,41.8755546,-87.6244212
5847,Jennifer Pasche,2002,"McHenry, Illinois",1,0,illinois,,42.3294391,-88.4605713
5844,James Pethokoukis,2002,"Chicago, Illinois",2,25600,illinois,,41.8755546,-87.6244212
4623,Brandon Jones,2008,"Chicago, Illinois",1,22000,illinois,,41.8755546,-87.6244212
176,Kathleen Hennessey,1998,"Western Springs, Illinois",1,2800,illinois,,41.8097533,-87.9006155
7218,Lindsey Thiesfeld,2011,"Clarendon Hills, Illinois",2,30802,illinois,TRUE,41.7975307,-87.9547835
7215,Andrew Van Duyn,2011,"Wheaton, Illinois",1,6000,illinois,TRUE,41.8639233,-88.1129507
7665,Taylor Cope,2012,"Chicago, Illinois",2,56000,illinois,,41.8755546,-87.6244212
1545,Susan Lee,1997,"Glencoe, Illinois",1,100,illinois,,42.1350268,-87.7581188
8712,Rich Hansen,2013,"Chicago, Illinois",1,9155,illinois,,41.8755546,-87.6244212
6770,Jessica Trudeau,2010,"Barrington, Illinois",2,68802,illinois,,42.1539141,-88.1361888
2511,Matt Thomas,2006,"Chicago, Illinois",1,4399,illinois,,41.8755546,-87.6244212
3530,Jason Sass,2002,"Springfield, Illinois",1,0,illinois,,39.7989763,-89.6443688
4293,Gina Bronsberg,2000,"Chicago, Illinois",2,14800,illinois,TRUE,41.8755546,-87.6244212
4745,Ellen Eden,2008,"Dorsey, Illinois",1,11500,illinois,,38.9736574,-90.0014932
4607,Carl Gilbertsen,2000,"Chicago, Illinois",4,57604,illinois,TRUE,41.8755546,-87.6244212
4601,Dave Sabath,2000,"Western Springs, Illinois",2,14400,illinois,TRUE,41.8097533,-87.9006155
8133,Ashok Poozhikunnel,2013,"Wheaton, Illinois",6,129600,illinois,,41.8639233,-88.1129507
7233,Mike Nelson,2011,"Geneva, Illinois",3,48003,illinois,,41.8875281,-88.3053525
1700,Judy Squires,1998,"Galesburg, Illinois",1,0,illinois,,40.9478158,-90.3712395
1705,David Glickman,1998,"Chicago, Illinois",1,100,illinois,,41.8755546,-87.6244212
8739,Sharon Warner,2013,"Chicago, Illinois",1,2000,illinois,,41.8755546,-87.6244212
8737,Nolan Martch,2013,"Homewood, Illinois",2,4000,illinois,,41.5572567,-87.6656015
8731,Kate Kwiatkowski,2013,"Champaign, Illinois",1,-2200,illinois,,40.1164205,-88.2433829
4196,Ann Kupitz,2000,"Vernon Hills, Illinois",1,2199,illinois,,42.2194686,-87.9795188
5112,Jean Grewe,1993,"Oak Park, Illinois",4,16000,illinois,,41.8850317,-87.7845025
6752,Kristian Zoerhoff,2010,"Gilberts, Illinois",3,65100,illinois,,42.1034365,-88.3745145
2538,David Morgenstern,1997,"Chicago, Illinois",2,20000,illinois,,41.8755546,-87.6244212
792,Missy Carlson,2005,"Naperville, Illinois",2,46600,illinois,,41.7729107,-88.147867
1136,Steve Wang,1996,"Chicago, Illinois",1,4599,illinois,,41.8755546,-87.6244212
3270,Wendy Ball,1999,"Mount Prospect, Illinois",1,12800,illinois,,42.0664167,-87.9372908
2704,Linda Johnson,1997,"Wilmington, Illinois",1,1400,illinois,,41.3078094,-88.1467243
4882,Suzanne Cappozzo,2008,"Palos Heights, Illinois",2,30398,illinois,,41.6681632,-87.7962812
1720,Greg Sanders,1998,"Springfield, Illinois",2,8798,illinois,,39.7989763,-89.6443688
7020,Terry Andrews,2010,"Decatur, Illinois",1,800,illinois,,39.8628075,-88.89387182
3317,Evan Jones,1999,"Chicago, Illinois",1,100,illinois,,41.8755546,-87.6244212
6414,Carin House,2009,"Evanston, Illinois",1,1400,illinois,,42.0447388,-87.6930459
6730,Karen Hoffman,2010,"McHenry, Illinois",1,1000,illinois,,42.3294391,-88.4605713
8318,Ryan McLaughlin,2013,"Chicago, Illinois",1,5500,illinois,,41.8755546,-87.6244212
218,Bud Humphrey,2005,"Park Ridge, Illinois",4,94800,illinois,,42.0111412,-87.8406192
6080,Sara Doran,2009,"Chicago, Illinois",2,77600,illinois,,41.8755546,-87.6244212
4419,Penny Asay,2007,"Chicago, Illinois",1,0,illinois,,41.8755546,-87.6244212
3420,Mike Boyd,1993,"Galesburg, Illinois",3,64803,illinois,,40.9478158,-90.3712395
8076,Lucas Peterson,2012,"Oak Park, Illinois",3,41700,illinois,,41.8850317,-87.7845025
1440,Lisa Doak,1997,"Chicago, Illinois",1,2199,illinois,,41.8755546,-87.6244212
4851,Linda Poggensee,1999,"La Grange, Illinois",1,8400,illinois,,41.8054577,-87.8748644
2762,Mark Lee,2002,"Chicago, Illinois",6,0,illinois,,41.8755546,-87.6244212
2764,Jackie Harrison,2003,"Chicago, Illinois",6,146406,illinois,,41.8755546,-87.6244212
6271,Marty Moran,2009,"Chicago, Illinois",1,27900,illinois,,41.8755546,-87.6244212
3451,Michele Mohr,1999,"Berwyn, Illinois",1,2000,illinois,,41.8505874,-87.7936685
3459,Sam Varnado,1999,"Riverdale, Illinois",1,1,illinois,,41.6333678,-87.6331021
6478,Asad Jaleel,2004,"Naperville, Illinois",1,3100,illinois,,41.7729107,-88.147867
6476,Gabe Orlet,2009,"Belleville, Illinois",2,33000,illinois,TRUE,38.5200504,-89.9839935
7751,Elisabeth Carrel,2012,"Elgin, Illinois",2,48000,illinois,,42.0372487,-88.2811895
3937,Marjorie Fradin,1998,"Highland Park, Illinois",1,7400,illinois,,42.1816919,-87.8003438
8339,Michelle Martin,2013,"Chicago, Illinois",2,49600,illinois,,41.8755546,-87.6244212
4040,Jeannie Sanke,2000,"Evanston, Illinois",1,600,illinois,,42.0447388,-87.6930459
4431,Paul Rouffa,1986,"Forest Park, Illinois",10,100000,illinois,,41.8794758,-87.81367
4438,Jackie Kaufman,2000,"Buffalo Grove, Illinois",2,5998,illinois,,42.1675825,-87.95564011
976,Dan Bowman,1990,"Dixon, Illinois",3,43203,illinois,,41.842224,-89.4815485
1687,Denise Hay,2006,"Crystal Lake, Illinois",1,5200,illinois,,42.2411344,-88.3161965
1688,Chuck Moul,1998,"Chicago, Illinois",1,3600,illinois,,41.8755546,-87.6244212
7280,Cindy Peterson,2011,"Geneva, Illinois",1,0,illinois,,41.8875281,-88.3053525
4239,Steven Silver,2000,"Northbrook, Illinois",3,22200,illinois,,42.1296875,-87.830542
4236,Harry Haghanegi,2007,"Chicago, Illinois",1,15600,illinois,TRUE,41.8755546,-87.6244212
6934,Michael Muller,2010,"Springfield, Illinois",1,18205,illinois,,39.7989763,-89.6443688
8126,Ana Peso,2012,"Wheeling, Illinois",1,5400,illinois,,42.125144,-87.92930515
8122,Sandip Amin,2012,"Madison, Illinois",1,-400,illinois,,38.811063,-89.9017112
7299,Andrew Fuller,2011,"Elburn, Illinois",1,14600,illinois,,41.8922499,-88.4723014
7929,Dan Burke,2012,"Chicago, Illinois",2,53596,illinois,,41.8755546,-87.6244212
3439,Frank Firke,2007,"Chicago, Illinois",2,35000,illinois,TRUE,41.8755546,-87.6244212
878,Brendie Vance,1994,"Chicago, Illinois",1,1900,illinois,,41.8755546,-87.6244212
4841,Wendi Harrell,1999,"Carthage, Illinois",1,3200,illinois,,40.416433,-91.1362537
4843,Joe Padavic,1999,"Roselle, Illinois",3,30900,illinois,,41.9847505,-88.0797933
5203,Nancy Jasinski,2002,"Posen, Illinois",1,13599,illinois,,41.6317008,-87.681437
1325,Kevin Jack,1997,"Chicago, Illinois",1,10399,illinois,,41.8755546,-87.6244212
7733,Melanie Spratford,2012,"Chicago, Illinois",2,38402,illinois,,41.8755546,-87.6244212
8358,Christina Rodriguez,2013,"Carterville, Illinois",1,3500,illinois,,37.7597872,-89.0774278
4065,Brian Carlson,2000,"Chicago, Illinois",1,3398,illinois,,41.8755546,-87.6244212
5780,Kali Klena,2002,"Chicago, Illinois",1,2,illinois,,41.8755546,-87.6244212
950,Avrom Simon,1989,"Chicago, Illinois",1,1599,illinois,,41.8755546,-87.6244212
952,Mary Barry,1989,"Kankakee, Illinois",1,100,illinois,,41.1200325,-87.8611531
6330,Chris Serb,2004,"Chicago, Illinois",1,8099,illinois,,41.8755546,-87.6244212
7125,Corey York,2010,"East Peoria, Illinois",1,1,illinois,,40.666149,-89.5800978
2820,Scott Turow,2006,"Chicago, Illinois",1,14400,illinois,,41.8755546,-87.6244212
1933,Dave Argentar,1998,"Chicago, Illinois",2,32398,illinois,,41.8755546,-87.6244212
5575,Charlie Carbery,2008,"Oak Park, Illinois",1,0,illinois,TRUE,41.8850317,-87.7845025
5129,Aaron Klein,1995,"Des Plaines, Illinois",1,0,illinois,TRUE,42.0415823,-87.8873916
333,Lance Johnson,1998,"Champaign, Illinois",8,84792,illinois,,40.1164205,-88.2433829
9112,Sami Siegelbaum,2014,"Chicago, Illinois",1,1100,illinois,,41.8755546,-87.6244212
8026,Tom Conn,2012,"Saint Anne, Illinois",1,4000,illinois,,41.0251494,-87.7132903
1936,Eugene Finerman,1987,"Evanston, Illinois",8,31200,illinois,,42.0447388,-87.6930459
1345,Fred Walker,1997,"Oak Park, Illinois",1,7800,illinois,,41.8850317,-87.7845025
8118,Tom McGrath,2012,"Chicago, Illinois",1,20791,illinois,,41.8755546,-87.6244212
7716,Marion Baumgarten,2012,"River Forest, Illinois",1,1,illinois,,41.8978091,-87.8139483
3973,Greg Peterson,2007,"Park Ridge, Illinois",4,88888,illinois,TRUE,42.0111412,-87.8406192
2464,Lorin Burte,1998,"Homewood, Illinois",1,8100,illinois,,41.5572567,-87.6656015
6317,Cathy Strybel,2003,"Orland Park, Illinois",1,-200,illinois,,41.6303103,-87.8539425
3367,Gail Polzin,2002,"Buffalo Grove, Illinois",1,400,illinois,,42.1675825,-87.95564011
4808,Kathy Grogman,1999,"Mascoutah, Illinois",2,13600,illinois,,38.490327,-89.793154
6944,John Cunningham,2010,"Chicago, Illinois",1,8800,illinois,,41.8755546,-87.6244212
2447,Karen Burke,1998,"Naperville, Illinois",1,9400,illinois,,41.7729107,-88.147867
4979,Dmitry Spivak,1999,"Glenview, Illinois",2,9200,illinois,TRUE,42.0700662,-87.8114044
1621,Marc Slutzky,1998,"Evanston, Illinois",1,6900,illinois,,42.0447388,-87.6930459
5536,Mary Beam,2008,"Loves Park, Illinois",1,-4400,illinois,,42.3200189,-89.0581621
7696,Steven Evenhouse,2012,"Orland Hills, Illinois",1,3000,illinois,,41.5853107,-87.8431078
3838,Alex Hovan,2007,"Champaign, Illinois",2,36200,illinois,,40.1164205,-88.2433829
7522,Lanny Timan,2011,"Chicago, Illinois",3,48003,illinois,,41.8755546,-87.6244212
7985,Dan Elg,2012,"Wheaton, Illinois",1,7197,illinois,,41.8639233,-88.1129507
7064,Folake Dosu,2010,"Stanford University from Bellwood, Illinois",1,8700,illinois,TRUE,,
7063,Ellen Eichner,2010,"the Ohio State University from Northbrook, Illinois",2,39202,illinois,TRUE,,
412,John Fedoryn,1998,"Chicago, Illinois",1,1000,illinois,,41.8755546,-87.6244212
2420,Grace Veach,1997,"Decatur, Illinois",10,105000,illinois,,39.8628075,-88.89387182
7843,John Baker,2012,"Dixon, Illinois",2,22600,illinois,,41.842224,-89.4815485
1608,Paul Callaway,2006,"Chicago, Illinois",2,26600,illinois,,41.8755546,-87.6244212
2848,Michael Steele,1997,"Chicago, Illinois",2,21000,illinois,,41.8755546,-87.6244212
536,Gina Ruttle,1997,"Palos Park, Illinois",1,1,illinois,,41.6672547,-87.8303316
535,Dane Garrett,1985,"Collinsville, Illinois",1,0,illinois,,38.6703267,-89.9845476
3294,Jennifer O'Brien,1999,"Lake Forest, Illinois",1,1,illinois,,42.2586342,-87.840625
7547,Kara Spak,2010,"Chicago, Illinois",8,192008,illinois,,41.8755546,-87.6244212
6166,Ina Jazic,2003,"Bolingbrook, Illinois",1,0,illinois,TRUE,41.7003302,-88.0717708
5284,Suzanne LaVere,2004,"Evanston, Illinois",1,6600,illinois,,42.0447388,-87.6930459
7047,Molly Adams,2010,"Chicago, Illinois",1,2399,illinois,,41.8755546,-87.6244212
1019,Gunther Freehill,1990,"Melvin, Illinois",1,1800,illinois,,40.5675346,-88.2478272
5708,Nikki Lindsey,2003,"Urbana, Illinois",1,50,illinois,,40.1117174,-88.207301
1054,Andy Gedo,1990,"Chicago, Illinois",1,14600,illinois,,41.8755546,-87.6244212
1274,Kecia Lynn,1996,"Chicago, Illinois",1,4399,illinois,,41.8755546,-87.6244212
517,Lynne Wexler,1991,"Evanston, Illinois",3,61800,illinois,,42.0447388,-87.6930459
6531,Cynthia Dvorak,2004,"Chicago, Illinois",1,0,illinois,,41.8755546,-87.6244212
8298,Joan Kossack,2013,"Carol Stream, Illinois",1,16800,illinois,,41.9125286,-88.1347927
3878,P.D. Wadler,1998,"Chicago, Illinois",2,18400,illinois,,41.8755546,-87.6244212
8474,Ravi Saxena,2013,"Chicago, Illinois",1,5900,illinois,,41.8755546,-87.6244212
8473,Sara Fox,1987,"Chicago, Illinois",1,100,illinois,,41.8755546,-87.6244212
7564,Morgan Polikoff,2011,"Hinsdale, Illinois",2,50000,illinois,,41.8008642,-87.9370052
5930,Matt Kohlstedt,2009,"La Grange, Illinois",8,168000,illinois,,41.8054577,-87.8748644
3493,Noel Steere,2002,"Chicago, Illinois",1,0,illinois,,41.8755546,-87.6244212
7360,Maggie Berndt,2011,"Chicago, Illinois",1,0,illinois,,41.8755546,-87.6244212
7367,Joanna Liff,2011,"Chicago, Illinois",1,16801,illinois,,41.8755546,-87.6244212
9002,Colby Burnett,2012,"Chicago, Illinois",11,220011,illinois,,41.8755546,-87.6244212
7795,Kevin Rowe,2012,"Chicago, Illinois",1,4099,illinois,,41.8755546,-87.6244212
5695,Eric Tengler,2003,"Chicago, Illinois",1,0,illinois,,41.8755546,-87.6244212
3267,Susan Ferrari,2007,"Chicago, Illinois",1,3800,illinois,,41.8755546,-87.6244212
7946,Kate Mosesso,2012,"Chicago, Illinois",1,0,illinois,,41.8755546,-87.6244212
1204,Susan Klak,2005,"Plainfield, Illinois",1,4100,illinois,,41.623191,-88.22843248
8274,Steve Rininger,2013,"Chicago, Illinois",2,44400,illinois,,41.8755546,-87.6244212
8271,David Rice,1990,"Clarendon Hills, Illinois",1,0,illinois,,41.7975307,-87.9547835
466,Michael Collin,1998,"Barrington, Illinois",2,39200,illinois,,42.1539141,-88.1361888
7589,Patty Meagher,1989,"Chicago, Illinois",1,0,illinois,,41.8755546,-87.6244212
7580,Jan Zasowski,2011,"Chicago, Illinois",3,80403,illinois,,41.8755546,-87.6244212
7582,Bhibha Das,2011,"Mt. Zion, Illinois",3,60603,illinois,,39.7714252,-88.8742406
1184,Steve O'Connor,2005,"Naperville, Illinois",3,57003,illinois,,41.7729107,-88.147867
5266,Bob Vavra,2002,"Woodridge, Illinois",1,100,illinois,,41.7473663,-88.046129
6666,Debra Dondrea Galant,2004,"Grayslake, Illinois",1,7400,illinois,,42.3433518,-88.0412192
1878,Gary Tish,1998,"Decatur, Illinois",2,27200,illinois,,39.8628075,-88.89387182
2118,Pete Heinricher,1999,"Urbana, Illinois",1,9401,illinois,,40.1117174,-88.207301
2112,Doug O'Brien,2006,"Chicago, Illinois",1,500,illinois,,41.8755546,-87.6244212
2114,Laura Rhodes,1999,"Chicago, Illinois",2,18402,illinois,,41.8755546,-87.6244212
3287,Paul McGonagle,1999,"Schaumburg, Illinois",2,14400,illinois,,42.0333608,-88.083406
6865,Jill Kaiser,2003,"Edgington, Illinois",3,26403,illinois,,41.3869765,-90.763753
6861,Joshua Weiss,2010,"Chicago, Illinois",1,5999,illinois,,41.8755546,-87.6244212
3284,Cathy Nieng,1999,"Chicago, Illinois",1,1000,illinois,,41.8755546,-87.6244212
8436,Benjamin Recchie,2013,"Chicago, Illinois",1,6,illinois,,41.8755546,-87.6244212
5689,Helene Glass,2008,"Chicago, Illinois",1,1,illinois,,41.8755546,-87.6244212
5683,Daniel Ogorzalek,2008,"Schaumburg, Illinois",1,30800,illinois,,42.0333608,-88.083406
5970,Michael O'Malley,2009,"Chicago, Illinois",2,30000,illinois,,41.8755546,-87.6244212
2584,Tommy Hoyt,2006,"Winnetka, Illinois",1,26300,illinois,,42.1080834,-87.7358951
2630,Sharon Wing,2006,"Rock Island, Illinois",1,-400,illinois,,41.5094771,-90.5787477
3540,Scott Hatton,2002,"Mundelein, Illinois",1,15995,illinois,,42.263079,-88.0039653
760,Cherie Christopher,1994,"Glen Ellyn, Illinois",1,500,illinois,,41.8775293,-88.0670118
1077,Dave McCarthy,1990,"Chicago, Illinois",1,1399,illinois,,41.8755546,-87.6244212
5180,Leatrice Potter,2004,"Olney, Illinois",1,12800,illinois,,38.7296538,-88.0846891
6602,Mike Weaver,2004,"Glencoe, Illinois",1,4300,illinois,,42.1350268,-87.7581188
6604,Brian Chang,2010,"Oak Park, Illinois",1,10799,illinois,,41.8850317,-87.7845025
1045,Glenda Wells,1990,"Dahlgren, Illinois",1,8000,illinois,,38.1981041,-88.6845019
3734,Kirsten Edwards,2000,"Chicago, Illinois",3,11700,illinois,,41.8755546,-87.6244212
4927,Joan Williams,1999,"Chicago, Illinois",2,11100,illinois,TRUE,41.8755546,-87.6244212
5161,Tom Kelso,2002,"Chicago, Illinois",4,115204,illinois,,41.8755546,-87.6244212
1799,Dana Venator,1998,"Chicago, Illinois",1,10799,illinois,,41.8755546,-87.6244212
1267,Amy O'Brien,1996,"Prospect Heights, Illinois",2,17202,illinois,,42.0953049,-87.9375694
6847,Nancy Williams,2010,"Chicago, Illinois",1,7300,illinois,,41.8755546,-87.6244212
8233,David Brent,1995,"Oak Park, Illinois",1,2799,illinois,,41.8850317,-87.7845025
8232,Jon Gucinski,2013,"Naperville, Illinois",1,18601,illinois,,41.7729107,-88.147867
3094,Tim O'Brien,2001,"Chicago, Illinois",1,2999,illinois,,41.8755546,-87.6244212
7380,Jeff Fleischer,2011,"Deerfield, Illinois",1,1,illinois,,42.1711365,-87.8445119
3564,Eileen Loechel,2007,"River Forest, Illinois",2,39600,illinois,,41.8978091,-87.8139483
3156,Carl Brownell,2001,"Evanston, Illinois",2,6000,illinois,,42.0447388,-87.6930459
6627,Ellie O'Donnell,2004,"Bloomington, Illinois",2,19600,illinois,,40.4731073,-88.9941403
2339,Darlyne Delaney,1997,"Chicago, Illinois",1,0,illinois,,41.8755546,-87.6244212
5144,Marty Brophy,1992,"Urbana, Illinois",1,14400,illinois,,40.1117174,-88.207301
5141,Steve Saum,1992,"Chicago, Illinois",1,3201,illinois,,41.8755546,-87.6244212
1187,Bob Johnson,2005,"Wheaton, Illinois",1,1,illinois,,41.8639233,-88.1129507
7247,Kristi Myers,2011,"Altamont, Illinois",1,5600,illinois,,38.9231036,-90.2098327
7245,Ethan Dougherty,2011,"Chicago, Illinois",1,10001,illinois,,41.8755546,-87.6244212
8813,Tiffany Gholar,2013,"Chicago, Illinois",2,12798,illinois,,41.8755546,-87.6244212
8818,Debbie Singer,2013,"Evanston, Illinois",1,2399,illinois,,42.0447388,-87.6930459
7657,Lynn Hammerlund,2012,"Lake in the Hills, Illinois",2,45000,illinois,,42.1816908,-88.3303618
1510,Brian Nafziger,1997,"Urbana, Illinois",1,8200,illinois,,40.1117174,-88.207301
263,Anne Shivers,2005,"Peotone, Illinois",4,49596,illinois,TRUE,41.3322554,-87.7853217
9087,Mia Diamond,1988,"Chicago, Illinois",1,1300,illinois,TRUE,41.8755546,-87.6244212
9085,Brandon Barnes,2014,"Park Forest, Illinois",1,-1000,illinois,,41.4914236,-87.6744891
1209,Joey Bland,2005,"Chicago, Illinois",3,81000,illinois,,41.8755546,-87.6244212
1165,John Fitzgibbon,1996,"Chicago, Illinois",1,1600,illinois,,41.8755546,-87.6244212
8553,Liz Kelly,2013,"Chicago, Illinois",1,99,illinois,,41.8755546,-87.6244212
8555,Dawn Owens-Nicholson,2013,"Champaign, Illinois",1,21000,illinois,,40.1164205,-88.2433829
8004,Daniel Pasquini-Salazar,2012,"Chicago, Illinois",1,1,illinois,,41.8755546,-87.6244212
8007,Margaret Minett-Longdon,2012,"Winnebago, Illinois",1,8800,illinois,,42.3255276,-89.1496574
2316,Christine Walker,2002,"Evanston, Illinois",1,0,illinois,,42.0447388,-87.6930459
3777,Katy Hardy,2007,"Cuba, Illinois",1,7600,illinois,,40.4928181,-90.1906768
4656,Adrienne Horrigan,2008,"Chicago, Illinois",1,1000,illinois,,41.8755546,-87.6244212
7883,Eileen Quinlan,1998,"Chicago, Illinois",1,8400,illinois,,41.8755546,-87.6244212
7882,Anna-Lise Santella,2012,"Trout Valley, Illinois",3,46200,illinois,,42.1980798,-88.2534159
8832,Jerry Slowik,2013,"Arlington Heights, Illinois",6,139194,illinois,,42.0812678,-87.9800662
7678,Anne Rozek,2012,"Perry, Illinois",1,11500,illinois,TRUE,38.0772859,-89.3760499
1281,Mario Zaragoza,1996,"Chicago, Illinois",1,4600,illinois,,41.8755546,-87.6244212
1578,Kenny Schlax,2006,"Deerfield, Illinois",1,1199,illinois,TRUE,42.1711365,-87.8445119
8054,Jessica Lee,2012,"Evanston, Illinois",1,3900,illinois,,42.0447388,-87.6930459
5993,Benny Meyers,2009,"Skokie, Illinois",1,9000,illinois,,42.0333694,-87.7333972
4677,Hunter Brown,2008,"Wheaton, Illinois",2,59998,illinois,TRUE,41.8639233,-88.1129507
6783,Sarah Sumadi,2010,"Chicago, Illinois",1,4799,illinois,,41.8755546,-87.6244212
3521,Ben Bass,2002,"Chicago, Illinois",4,92804,illinois,,41.8755546,-87.6244212
3528,Julie Moncrieff,2002,"Chicago, Illinois",3,0,illinois,,41.8755546,-87.6244212
2150,John Perez,2006,"Chicago, Illinois",1,14000,illinois,,41.8755546,-87.6244212
2699,Mick Malicki,1997,"La Grange Park, Illinois",1,300,illinois,,41.8333646,-87.8677324
2691,Eileen Davenport,1997,"Chicago, Illinois",1,2500,illinois,,41.8755546,-87.6244212
8530,Lance Lawson,1987,"Moline, Illinois",1,2200,illinois,,41.5067003,-90.5151342
4284,Clare Willis,2007,"Chicago, Illinois",1,500,illinois,,41.8755546,-87.6244212
4757,Ben Hunt,2008,"Chicago, Illinois",1,16399,illinois,,41.8755546,-87.6244212
5873,Dan Smith,2009,"Chicago, Illinois",4,134404,illinois,,41.8755546,-87.6244212
5871,Lizz Mullowney,2003,"Crystal Lake, Illinois",1,300,illinois,TRUE,42.2411344,-88.3161965
4637,Erin Weller,1999,"Evanston, Illinois",2,11600,illinois,,42.0447388,-87.6930459
2199,Mike Rohan,2001,"Orland Park, Illinois",1,16700,illinois,,41.6303103,-87.8539425
2040,Ellen Rourke,2001,"Chicago, Illinois",2,3202,illinois,,41.8755546,-87.6244212
6194,Nina Ginocchio,2009,"Park Ridge, Illinois",4,76800,illinois,,42.0111412,-87.8406192
6198,Mike Scott,2002,"Lake Villa, Illinois",1,18000,illinois,TRUE,42.4169651,-88.0739708
2732,Robin Hoffmann,1988,"Peoria, Illinois",1,5,illinois,,40.6938609,-89.5891008
7204,Kate Rowland,2011,"Chicago, Illinois",2,32802,illinois,,41.8755546,-87.6244212
1551,Barb Fuson,1997,"Decatur, Illinois",1,3800,illinois,,39.8628075,-88.89387182
3033,Jared Thompson,2006,"Eureka, Illinois",3,61500,illinois,,40.721423,-89.2728596
8707,Andrew Mugica,2013,"Libertyville, Illinois",1,0,illinois,,42.2830786,-87.9531303
5608,Jillian Rebmann,2008,"Peoria, Illinois",1,2742,illinois,,40.6938609,-89.5891008
229,Gardner Stern,1986,"Chicago, Illinois",2,25200,illinois,,41.8755546,-87.6244212
4771,Paul Marchegiani,1999,"Evanston, Illinois",1,600,illinois,TRUE,42.0447388,-87.6930459
4779,Nicole Thibodeau,1999,"Elmwood Park, Illinois",1,100,illinois,TRUE,41.9205931,-87.8160169
5814,Alan Kluegel,2009,"Urbana, Illinois",1,100,illinois,,40.1117174,-88.207301
4614,Kate Pedersen,2008,"Springfield, Illinois",1,100,illinois,,39.7989763,-89.6443688
5458,Jim Davis,2008,"Freeport, Illinois",3,91203,illinois,,42.2966861,-89.6212271
4887,Jim Austgen,1999,"Winfield, Illinois",1,1625,illinois,,41.8616956,-88.1609031
6240,John Fabros,2000,"Downers Grove, Illinois",1,11000,illinois,TRUE,41.7946074,-88.0068999
8876,Kyle Reynolds,1992,"Chicago, Illinois",1,12001,illinois,,41.8755546,-87.6244212
5256,Kate Marciniak,1993,"Chicago, Illinois",1,0,illinois,,41.8755546,-87.6244212
8180,Jordan Villanueva,2013,"Moweaqua, Illinois",1,4799,illinois,TRUE,39.6247614,-89.0189684
3904,Michael Greer,1999,"Chicago, Illinois, now stationed at Ramstein, Germany",1,14400,illinois,,,
6744,Rachel Pildis,2010,"Oak Park, Illinois",2,24000,illinois,,41.8850317,-87.7845025
3477,Mary Mansfield,2002,"Odell, Illinois",3,0,illinois,,41.003643,-88.5253364
3658,Pam Spitzner,2007,"Chicago, Illinois",1,16400,illinois,,41.8755546,-87.6244212
2525,Maribeth Swiatek,1997,"Chicago, Illinois",2,17998,illinois,,41.8755546,-87.6244212
5069,Mari Webel,1998,"Carbondale, Illinois",1,2600,illinois,TRUE,37.7274692,-89.216655
5068,Lucas Bergman,1998,"Quincy, Illinois",1,0,illinois,TRUE,39.9356016,-91.4098727
927,Oscar Avila,2005,"Chicago, Illinois",1,2400,illinois,,41.8755546,-87.6244212
786,Bernie Cullen,1996,"Chicago, Illinois",7,100800,illinois,,41.8755546,-87.6244212
7156,Anthony Fox,2011,"Arlington Heights, Illinois",5,79000,illinois,,42.0812678,-87.9800662
2136,Sandy Andina,1996,"Chicago, Illinois",1,1599,illinois,,41.8755546,-87.6244212
4798,Jacob Gold,2008,"Chicago, Illinois",1,0,illinois,,41.8755546,-87.6244212
4891,Tom Crawford,1999,"Chicago, Illinois",2,12000,illinois,,41.8755546,-87.6244212
6263,Anastasia Knasiak,2000,"Brookfield, Illinois",1,8200,illinois,TRUE,41.8228378,-87.848085
8894,Debra Malki,1988,"Winnetka, Illinois",1,1,illinois,,42.1080834,-87.7358951
3469,Marty Daly,1999,"Naperville, Illinois",1,8700,illinois,,41.7729107,-88.147867
3468,June Murphy,1999,"Champaign, Illinois",1,1,illinois,,40.1164205,-88.2433829
2400,Dave Zehner,1997,"Chicago, Illinois",1,3200,illinois,,41.8755546,-87.6244212
485,Lori Drummond,1997,"Rockford, Illinois",1,1,illinois,,42.2713945,-89.093966
6460,Bonny Jain,2009,"Moline, Illinois",1,4134,illinois,TRUE,41.5067003,-90.5151342
6466,Zach Blumenfeld,2009,"Lincolnshire, Illinois",2,103998,illinois,TRUE,42.1900249,-87.9084039
7743,Beau Henson,2012,"Mt. Carmel, Illinois",4,64004,illinois,,38.4108801,-87.7614174
6726,Todd Aiello,2010,"Chicago, Illinois",1,27595,illinois,,41.8755546,-87.6244212
8300,Jim Craner,2013,"Riverton, Illinois",1,8800,illinois,,39.8442164,-89.5395417
2542,Joe Spencer,1997,"Urbana, Illinois",1,50,illinois,,40.1117174,-88.207301
8936,Padraic Connelly,2014,"Chicago, Illinois",1,4519,illinois,,41.8755546,-87.6244212
1696,Diane Pietrzak,1998,"Algonquin, Illinois",1,1199,illinois,,42.1655801,-88.2942493
5584,Jeff Thompson,2003,"Lake Forest, Illinois",2,38000,illinois,,42.2586342,-87.840625
2285,Andrew Goldfein,2001,"Lincolnwood, Illinois",1,0,illinois,TRUE,42.0055985,-87.735572
4539,C.W. Van Baale,2001,"Chicago, Illinois",1,-1300,illinois,,41.8755546,-87.6244212
6591,Neel Varde,2010,"St. Charles, Illinois",2,60002,illinois,,41.9141984,-88.3086977
7913,Charlie Orlowek,1987,"Chicago, Illinois",1,0,illinois,,41.8755546,-87.6244212
7916,Lynn Welch,2012,"Evanston, Illinois",1,14398,illinois,,42.0447388,-87.6930459
183,Adam Brower,1998,"Chicago, Illinois",1,10000,illinois,,41.8755546,-87.6244212
3444,Theresa Marketti,1999,"Homewood, Illinois",1,2199,illinois,,41.5572567,-87.6656015
5219,Bob Strybel,2002,"Orland Park, Illinois",1,5000,illinois,,41.6303103,-87.8539425
3055,David Sales,2001,"Northbrook, Illinois",1,6199,illinois,,42.1296875,-87.830542
1310,Mita Choudhury,1997,"Chicago, Illinois",1,1500,illinois,,41.8755546,-87.6244212
1319,Heidi Shultz,1997,"Rockford, Illinois",1,7400,illinois,,42.2713945,-89.093966
7727,Sue Anderson,2012,"Peoria, Illinois",1,3400,illinois,,40.6938609,-89.5891008
4444,Pat Grady,2000,"Palatine, Illinois",4,35200,illinois,,42.1103041,-88.03424
3090,Janet Torpy,2001,"Rockford, Illinois",1,4500,illinois,,42.2713945,-89.093966
1489,Amanda Pompili,2006,"Chicago, Illinois",1,0,illinois,,41.8755546,-87.6244212
3427,Phil Bentley,1993,"Chicago, Illinois",1,7801,illinois,,41.8755546,-87.6244212
4589,Nafis Abdullah,2008,"Chicago, Illinois",1,7300,illinois,,41.8755546,-87.6244212
1906,Helen Harnett,1998,"Chicago, Illinois",1,1,illinois,,41.8755546,-87.6244212
1334,Tim Rosendale,1997,"Evanston, Illinois",1,1400,illinois,,42.0447388,-87.6930459
1336,Charles Bagot,2005,"Chicago, Illinois",1,2401,illinois,,41.8755546,-87.6244212
8899,Don Gwinn,2014,"Virden, Illinois",1,14400,illinois,,39.5008866,-89.7678747
8769,Rico Vazquez,2013,"Elmhurst, Illinois",1,11400,illinois,,41.8994745,-87.9403418
4462,John Draz,2000,"Chicago, Illinois",4,34404,illinois,,41.8755546,-87.6244212
6328,Joe Wolke,2004,"Northbrook, Illinois",2,0,illinois,,42.1296875,-87.830542
2832,Susan Robbins,2002,"Chicago, Illinois",3,0,illinois,,41.8755546,-87.6244212
1433,Eve Bjork,2006,"Berwyn, Illinois",1,7719,illinois,,41.8505874,-87.7936685
1885,Bruce Monroe,1998,"Springfield, Illinois",1,6600,illinois,,39.7989763,-89.6443688
8591,Sarah Orzalli,2013,"Chicago, Illinois",1,100,illinois,,41.8755546,-87.6244212
5894,Charles Murphy,2009,"Westmont, Illinois",1,6200,illinois,,41.7958639,-87.9756175
2128,Michael Angel,1999,"Champaign, Illinois",1,3000,illinois,,40.1164205,-88.2433829
6130,Larry Shackley,1994,"Wheaton, Illinois",1,11200,illinois,,41.8639233,-88.1129507
2066,Marcia Jensen,2006,"Mount Vernon, Illinois",1,4991,illinois,,38.3172715,-88.9031201
3987,Greg Sorenson,1998,"Evanston, Illinois",1,10,illinois,,42.0447388,-87.6930459
289,Tom Nichols,1997,"Lemont, Illinois",1,-1000,illinois,,41.673642,-88.0017261
6309,Mary Naam,2003,"Effingham, Illinois",1,0,illinois,TRUE,39.1201433,-88.54348
8958,Sean Sullivan,2014,"Chicago, Illinois",1,15199,illinois,,41.8755546,-87.6244212
569,Paul Gutowski,1997,"Rockford, Illinois",8,115208,illinois,,42.2713945,-89.093966
3376,Lauren Kostas,2002,"Chicago, Illinois",1,0,illinois,,41.8755546,-87.6244212
5427,Jennifer Lajewski,2004,"Oak Park, Illinois",1,300,illinois,,41.8850317,-87.7845025
5426,Kate Carlyle,2004,"New Lenox, Illinois",1,1200,illinois,,41.5119761,-87.9656098
7514,Ted Simmons,2011,"Chicago, Illinois",1,0,illinois,,41.8755546,-87.6244212
4525,Vivian Moyle,2001,"Elmhurst, Illinois",1,-500,illinois,,41.8994745,-87.9403418
6584,Breanne Reinhard Smith,2009,"Arcola, Illinois",1,5000,illinois,,39.684755,-88.3064367
8389,Daniel Donohue,2013,"Arlington Heights, Illinois",2,28000,illinois,TRUE,42.0812678,-87.9800662
4387,John Trzaska,1999,"Chicago, Illinois",1,1,illinois,,41.8755546,-87.6244212
6362,Rachel Landau,2009,"Chicago, Illinois",1,-2000,illinois,,41.8755546,-87.6244212
3087,Joe Collins,2001,"Lincolnwood, Illinois",2,18802,illinois,,42.0055985,-87.735572
5199,Scott Hermes,2002,"Des Plaines, Illinois",1,17800,illinois,,42.0415823,-87.8873916
3350,Su Kim,2007,"Elgin, Illinois",4,70800,illinois,,42.0372487,-88.2811895
3359,Jon Nuckles,2002,"Evanston, Illinois",1,0,illinois,,42.0447388,-87.6930459
8446,Tim Anderson,2013,"Rockford, Illinois",4,72000,illinois,,42.2713945,-89.093966
2204,Catherine Skeen,2001,"Chicago, Illinois",1,15400,illinois,,41.8755546,-87.6244212
7335,Grafton Brown,2011,"Chicago, Illinois",1,5000,illinois,,41.8755546,-87.6244212
8149,Joan Blinn,2013,"Chicago, Illinois",2,34000,illinois,,41.8755546,-87.6244212
50,Matt Kleinmaier,2004,"Chicago, Illinois",1,8100,illinois,,41.8755546,-87.6244212
1398,Rex Babiera,2005,"Chicago, Illinois",3,68700,illinois,,41.8755546,-87.6244212
1394,Joan Friedman,1997,"Urbana, Illinois",1,6400,illinois,,40.1117174,-88.207301
1390,Claudia Traudt,1997,"Chicago, Illinois",1,2399,illinois,,41.8755546,-87.6244212
7833,Julie Zukowski,2012,"Crystal Lake, Illinois",1,10300,illinois,,42.2411344,-88.3161965
7836,Jim Virtel,2012,"Lemont, Illinois",1,5999,illinois,,41.673642,-88.0017261
1546,Tawney Pearson,2006,"Peoria, Illinois",1,2400,illinois,,40.6938609,-89.5891008
4999,Shawn Colvin,1999,"Carbondale, Illinois",1,7200,illinois,,37.7274692,-89.216655
1490,Bob Aumann,1993,"Palatine, Illinois",1,5000,illinois,,42.1103041,-88.03424
6505,Ben Davis,2009,"Chicago, Illinois",3,62403,illinois,,41.8755546,-87.6244212
3808,Marilyn Cuca,1997,"Arlington Heights, Illinois",1,11900,illinois,,42.0812678,-87.9800662
3803,Denise Mikrut,1997,"Manteno, Illinois",2,21400,illinois,,41.2506759,-87.8314299
8465,Judith Kallen Dry,1987,"Chicago, Illinois",1,-200,illinois,,41.8755546,-87.6244212
7397,Scott Goldstein,2011,"Chicago, Illinois",1,21599,illinois,,41.8755546,-87.6244212
2229,Matt Smith,1999,"Naperville, Illinois",1,4000,illinois,,41.7729107,-88.147867
2223,Liz Zoller,2002,"Chicago, Illinois",1,6801,illinois,,41.8755546,-87.6244212
4506,Stewart Myrent,2007,"Chicago, Illinois",1,1,illinois,,41.8755546,-87.6244212
7319,Joe McKee,2011,"Palos Heights, Illinois",3,67800,illinois,,41.6681632,-87.7962812
5718,Michael Vesely,2003,"Oak Park, Illinois",1,7000,illinois,,41.8850317,-87.7845025
4491,Robin Jones,2000,"Urbana, Illinois",3,31203,illinois,,40.1117174,-88.207301
68,Lorna Johnson,2004,"Willowbrook, Illinois",1,2200,illinois,TRUE,41.7697533,-87.9358931
502,Harry Bork,1991,"Antioch, Illinois",1,100,illinois,,42.4772418,-88.0956396
4562,Nicole Steeves,2008,"Chicago, Illinois",1,9200,illinois,,41.8755546,-87.6244212
9037,Julia Collins,2014,"Kenilworth, Illinois",21,327705,illinois,,42.0894728,-87.7149295
3107,Logan Bell,2001,"Rock Falls, Illinois",2,18200,illinois,TRUE,41.7797533,-89.6889967
3102,Farah Zolghadr,2001,"Springfield, Illinois",1,6500,illinois,TRUE,39.7989763,-89.6443688
1563,Fazal Khan,1997,"Champaign, Illinois",1,9880,illinois,,40.1164205,-88.2433829
2387,Debra Mack,2006,"Chicago, Illinois",1,11600,illinois,,41.8755546,-87.6244212
2388,Brent Tabacchi,2006,"Decatur, Illinois",1,4200,illinois,,39.8628075,-88.89387182
2043,Pamela Robinson,2001,"Chicago, Illinois",1,0,illinois,,41.8755546,-87.6244212
8429,Tobias Harris,2013,"Lincolnwood, Illinois",1,29599,illinois,,42.0055985,-87.735572
3842,Omar Mahmood,1998,"Quincy, Illinois",1,0,illinois,,39.9356016,-91.4098727
3848,Bill Dougherty,1998,"Chicago, Illinois",2,15002,illinois,,41.8755546,-87.6244212
2599,Scottie Szewczyk,2006,"Belleville, Illinois",1,8000,illinois,,38.5200504,-89.9839935
2620,Kathleen Fuller,2006,"Champaign, Illinois",1,0,illinois,,40.1164205,-88.2433829
9059,Marlon Morris,2014,"Maywood, Illinois",1,2200,illinois,,41.8791979,-87.8431155
2977,Matt Heller,2002,"Chicago, Illinois",1,0,illinois,,41.8755546,-87.6244212
5367,Tom Witek,2008,"Gurnee, Illinois",3,72600,illinois,,42.3702996,-87.9020186
3128,Douglas Okey,2002,"West Peoria, Illinois",1,0,illinois,,40.6925376,-89.627877
3123,Jen Kaufmann,2002,"Oak Brook, Illinois",1,0,illinois,,41.8328085,-87.9289504
3127,Maria Harrigan,2002,"Chicago, Illinois",1,0,illinois,,41.8755546,-87.6244212
5757,Shawn St. Clair,2009,"Hazel Crest, Illinois",1,15000,illinois,,41.571701,-87.6944915
5755,Pat Arnett,2009,"Mattoon, Illinois",1,7201,illinois,,39.4842821,-88.3773279
4683,Mike Lenahan,1999,"Arlington Heights, Illinois",2,24802,illinois,,42.0812678,-87.9800662
1785,Barbara Watkins,2006,"Oak Park, Illinois",1,1,illinois,,41.8850317,-87.7845025
4641,Betsy Mills,1999,"Monticello, Illinois",2,4398,illinois,,40.026295,-88.567956
4111,John Hill,1999,"Ashton, Illinois",2,20200,illinois,,41.8661417,-89.2212088
712,Nancy Burns,1984,"Chicago, Illinois",1,7000,illinois,,41.8755546,-87.6244212
3966,Ben Taylor,2007,"Rockford, Illinois",2,51198,illinois,,42.2713945,-89.093966
5773,Willie Holmes,2002,"Chicago, Illinois",3,66000,illinois,,41.8755546,-87.6244212
3708,Bill Shields,2000,"Pontiac, Illinois",3,36600,illinois,,40.8808666,-88.6297839
5171,Bob Olsen,1991,"Northbrook, Illinois",1,19400,illinois,,42.1296875,-87.830542
135,Colette Moran,2004,"Chicago, Illinois",1,400,illinois,,41.8755546,-87.6244212
7257,Marge Burgess,1989,"Glenview, Illinois",1,11600,illinois,,42.0700662,-87.8114044
7258,Erin Maxwell,2011,"Chicago, Illinois",1,20800,illinois,,41.8755546,-87.6244212
3889,Bruce Carmen,1998,"Elk Grove Village, Illinois",1,1799,illinois,,42.0041236,-87.9706457
1884,Lucia Flevares,1998,"Champaign, Illinois",1,1500,illinois,,40.1164205,-88.2433829
2665,Neil Tesser,2000,"Chicago, Illinois",1,1,illinois,,41.8755546,-87.6244212
2405,Nanette Wargo,2002,"Sauk Village, Illinois",4,0,illinois,,41.4883685,-87.5675414
8564,Deborah Stowell,2013,"St. Charles, Illinois",1,16701,illinois,,41.9141984,-88.3086977
2323,Dave Moes,1997,"Chicago, Illinois",1,5599,illinois,,41.8755546,-87.6244212
2329,Ronda Barker,1997,"Springfield, Illinois",2,11600,illinois,,39.7989763,-89.6443688
4709,Karen Rosenberg,1999,"Chicago, Illinois",1,1000,illinois,,41.8755546,-87.6244212
4643,Barry Hren,1999,"Wheaton, Illinois",2,18402,illinois,,41.8639233,-88.1129507
2494,Jim Peterson,1997,"Rock Island, Illinois",1,2900,illinois,,41.5094771,-90.5787477
7899,Jeannine DuBois,1997,"Rockford, Illinois",1,2200,illinois,,42.2713945,-89.093966
7270,Ted Sitting Crow Garner,2011,"Chicago, Illinois",2,5000,illinois,,41.8755546,-87.6244212
7644,Vinayak Thiagarajan,2012,"Chicago, Illinois",1,599,illinois,,41.8755546,-87.6244212
1740,Gene Wurth,1998,"Champaign, Illinois",1,6200,illinois,,40.1164205,-88.2433829
3305,Mike Zarren,2000,"Chicago, Illinois",1,8900,illinois,,41.8755546,-87.6244212
8483,Ben Christenson,2013,"Chicago, Illinois",1,10600,illinois,,41.8755546,-87.6244212
